timestamp,percent,plugged,status,seconds_left,design_capacity_mwh,full_charge_capacity_mwh,remaining_capacity_mwh,voltage_v,current_a,power_w,cycle_count,temperature_c
2026-10-04T22:21:40,12.0,True,Charging,,,,,,,,,
2026-10-04T22:21:42,12.0,True,Charging,,,,,,,,,
2026-10-04T22:21:44,12.0,True,Charging,,,,,,,,,
2026-10-04T22:21:46,12.0,True,Charging,,,,,,,,,
2026-10-04T22:21:48,12.0,True,Charging,,,,,,,,,
2026-10-04T22:21:50,12.0,True,Charging,,,,,,,,,
2026-10-04T22:21:52,12.0,True,Charging,,,,,,,,,
2026-10-04T22:21:54,12.0,True,Charging,,,,,,,,,
2026-10-04T22:21:56,12.0,True,Charging,,,,,,,,,
2026-10-04T22:21:58,12.0,True,Charging,,,,,,,,,
2026-10-04T22:22:00,12.0,True,Charging,,,,,,,,,
2026-10-04T22:22:02,12.0,True,Charging,,,,,,,,,
2026-10-04T22:22:04,12.0,True,Charging,,,,,,,,,
2026-10-04T22:22:06,12.0,True,Charging,,,,,,,,,
2026-10-04T22:22:08,12.0,True,Charging,,,,,,,,,
2026-10-04T22:22:10,12.0,True,Charging,,,,,,,,,
2026-10-04T22:22:12,12.0,True,Charging,,,,,,,,,
2026-10-04T22:22:14,12.0,True,Charging,,,,,,,,,
2026-10-04T22:22:16,12.0,True,Charging,,,,,,,,,
2026-10-04T22:22:18,12.0,True,Charging,,,,,,,,,
2026-10-04T22:22:20,12.0,True,Charging,,,,,,,,,
2026-10-04T22:22:22,12.0,True,Charging,,,,,,,,,
2026-10-04T22:22:24,12.0,True,Charging,,,,,,,,,
2026-10-04T22:22:26,12.0,True,Charging,,,,,,,,,
2026-10-04T22:22:28,12.0,True,Charging,,,,,,,,,
2026-10-04T22:22:30,12.0,True,Charging,,,,,,,,,
2026-10-04T22:22:32,12.0,True,Charging,,,,,,,,,
2026-10-04T22:22:34,12.0,True,Charging,,,,,,,,,
2026-10-04T22:22:36,12.0,True,Charging,,,,,,,,,
2026-10-04T22:22:38,12.0,True,Charging,,,,,,,,,
2026-10-04T22:22:40,12.0,True,Charging,,,,,,,,,
2026-10-04T22:22:42,12.0,True,Charging,,,,,,,,,
2026-10-04T22:22:44,12.0,True,Charging,,,,,,,,,
2026-10-04T22:22:46,12.0,True,Charging,,,,,,,,,
2026-10-04T22:22:48,13.0,True,Charging,,,,,,,,,
2026-10-04T22:22:50,13.0,True,Charging,,,,,,,,,
2026-10-04T22:22:52,13.0,True,Charging,,,,,,,,,
2026-10-04T22:22:54,13.0,True,Charging,,,,,,,,,
2026-10-04T22:22:56,13.0,True,Charging,,,,,,,,,
2026-10-04T22:22:58,13.0,True,Charging,,,,,,,,,
2026-10-04T22:23:00,13.0,True,Charging,,,,,,,,,
2026-10-04T22:23:02,13.0,True,Charging,,,,,,,,,
2026-10-04T22:23:04,13.0,True,Charging,,,,,,,,,
2026-10-04T22:23:06,13.0,True,Charging,,,,,,,,,
2026-10-04T22:23:08,13.0,True,Charging,,,,,,,,,
2026-10-04T22:23:10,13.0,True,Charging,,,,,,,,,
2026-10-04T22:23:12,13.0,True,Charging,,,,,,,,,
2026-10-04T22:23:14,13.0,True,Charging,,,,,,,,,
2026-10-04T22:23:16,13.0,True,Charging,,,,,,,,,
2026-10-04T22:23:18,13.0,True,Charging,,,,,,,,,
2026-10-04T22:23:20,13.0,True,Charging,,,,,,,,,
2026-10-04T22:23:22,13.0,True,Charging,,,,,,,,,
2026-10-04T22:23:24,13.0,True,Charging,,,,,,,,,
2026-10-04T22:23:26,13.0,True,Charging,,,,,,,,,
2026-10-04T22:23:28,13.0,True,Charging,,,,,,,,,
2026-10-04T22:23:30,13.0,True,Charging,,,,,,,,,
2026-10-04T22:23:32,13.0,True,Charging,,,,,,,,,
2026-10-04T22:23:34,13.0,True,Charging,,,,,,,,,
2026-10-04T22:23:36,13.0,True,Charging,,,,,,,,,
2026-10-04T22:23:38,13.0,True,Charging,,,,,,,,,
2026-10-04T22:23:40,13.0,True,Charging,,,,,,,,,
2026-10-04T22:23:42,13.0,True,Charging,,,,,,,,,
2026-10-04T22:23:44,13.0,True,Charging,,,,,,,,,
2026-10-04T22:23:46,13.0,True,Charging,,,,,,,,,
2026-10-04T22:23:48,13.0,True,Charging,,,,,,,,,
2026-10-04T22:23:50,13.0,True,Charging,,,,,,,,,
2026-10-04T22:23:52,13.0,True,Charging,,,,,,,,,
2026-10-04T22:23:54,13.0,True,Charging,,,,,,,,,
2026-10-04T22:23:56,13.0,True,Charging,,,,,,,,,
2026-10-04T22:23:58,14.0,True,Charging,,,,,,,,,
2026-10-04T22:24:00,14.0,True,Charging,,,,,,,,,
2026-10-04T22:24:02,14.0,True,Charging,,,,,,,,,
2026-10-04T22:24:04,14.0,True,Charging,,,,,,,,,
2026-10-04T22:24:06,14.0,True,Charging,,,,,,,,,
2026-10-04T22:24:08,14.0,True,Charging,,,,,,,,,
2026-10-04T22:24:37,14.0,True,Charging,,41610.0,41610.0,13.0,12.132,,,,
2026-10-04T22:24:39,14.0,True,Charging,,41610.0,41610.0,14.0,12.13,,,,
2026-10-04T22:24:41,14.0,True,Charging,,41610.0,41610.0,14.0,12.128,,,,
2026-10-04T22:24:43,14.0,True,Charging,,41610.0,41610.0,14.0,12.133,,,,
2026-10-04T22:24:45,14.0,True,Charging,,41610.0,41610.0,14.0,12.065,,,,
2026-10-04T22:24:47,14.0,True,Charging,,41610.0,41610.0,14.0,12.134,,,,
2026-10-04T22:24:49,14.0,True,Charging,,41610.0,41610.0,14.0,12.135,,,,
2026-10-04T22:24:51,14.0,True,Charging,,41610.0,41610.0,14.0,12.136,,,,
2026-10-04T22:24:53,14.0,True,Charging,,41610.0,41610.0,14.0,12.136,,,,
2026-10-04T22:24:55,14.0,True,Charging,,41610.0,41610.0,14.0,12.136,,,,
2026-10-04T22:24:57,14.0,True,Charging,,41610.0,41610.0,14.0,12.138,,,,
2026-10-04T22:24:59,14.0,True,Charging,,41610.0,41610.0,14.0,12.139,,,,
2026-10-04T22:25:01,14.0,True,Charging,,41610.0,41610.0,14.0,12.139,,,,
2026-10-04T22:25:03,14.0,True,Charging,,41610.0,41610.0,14.0,12.135,,,,
2026-10-04T22:25:05,14.0,True,Charging,,41610.0,41610.0,14.0,12.142,,,,
2026-10-04T22:25:07,14.0,True,Charging,,41610.0,41610.0,14.0,12.141,,,,
2026-10-04T22:25:09,14.0,True,Charging,,41610.0,41610.0,14.0,12.118,,,,
2026-10-04T22:25:11,14.0,True,Charging,,41610.0,41610.0,14.0,12.143,,,,
2026-10-04T22:25:13,14.0,True,Charging,,41610.0,41610.0,14.0,12.143,,,,
2026-10-04T22:25:15,14.0,True,Charging,,41610.0,41610.0,14.0,12.145,,,,
2026-10-04T22:25:17,14.0,True,Charging,,41610.0,41610.0,14.0,12.147,,,,
2026-10-04T22:25:19,15.0,False,Discharging,4294967295,41610.0,41610.0,14.0,12.146,,,,
2026-10-04T22:25:21,15.0,False,Discharging,4294967295,41610.0,41610.0,14.0,11.768,,,,
2026-10-04T22:25:23,15.0,False,Discharging,4294967295,41610.0,41610.0,14.0,11.734,,,,
2026-10-04T22:25:25,15.0,False,Discharging,4294967295,41610.0,41610.0,14.0,11.706,,,,
2026-10-04T22:25:27,15.0,True,Charging,,41610.0,41610.0,14.0,11.777,,,,
2026-10-04T22:25:29,15.0,True,Charging,,41610.0,41610.0,14.0,11.802,,,,
2026-10-04T22:25:31,15.0,True,Charging,,41610.0,41610.0,14.0,11.795,,,,
2026-10-04T22:25:33,15.0,True,Charging,,41610.0,41610.0,14.0,11.792,,,,
2026-10-04T22:25:35,15.0,True,Charging,,41610.0,41610.0,14.0,11.788,,,,
2026-10-04T22:25:37,15.0,True,Charging,,41610.0,41610.0,14.0,12.08,,,,
2026-10-04T22:25:39,15.0,True,Charging,,41610.0,41610.0,14.0,12.095,,,,
2026-10-04T22:25:41,15.0,True,Charging,,41610.0,41610.0,14.0,12.074,,,,
2026-10-04T22:25:43,15.0,True,Charging,,41610.0,41610.0,14.0,12.103,,,,
